,cell_id,gene_ACTB,gene_GAPDH,gene_POU5F1,gene_TUBB3,gene_KI67
0,cell_001,2823.529411764706,7058.823529411765,0.0,0.0,117.6470588235294
1,cell_002,2647.0588235294117,7352.941176470589,0.0,0.0,0.0
2,cell_003,3424.6575342465753,5479.45205479452,273.972602739726,0.0,821.917808219178
3,cell_004,1714.2857142857142,5714.285714285714,0.0,2571.428571428571,0.0
4,cell_005,2500.0,7500.0,0.0,0.0,0.0
