,cell_id,gene_ACTB,gene_GAPDH,gene_POU5F1,gene_TUBB3,gene_KI67
0,cell_001,7.946097049798269,8.86217533434086,0.0,0.0,4.776153193897995
1,cell_002,7.8815821311339604,8.90299166298106,0.0,0.0,0.0
2,cell_003,8.13904871307229,8.60894286829063,5.616671466302535,0.0,6.712856327183412
3,cell_004,7.447334942975405,8.650899568730047,0.0,7.852605701114192,0.0
4,cell_005,7.824445930877619,8.922791623969637,0.0,0.0,0.0
